product,variant,contract,current,previous,pct_change,scrape_date
WMP,Regular - NZ,Contract 1,3425,3570,-4.06,2026-07-17
WMP,Instant - NZ,Contract 1,3550,3695,-3.92,2026-07-17
WMP,Regular - NZ,Contract 2,3390,3550,-4.51,2026-07-17
WMP,Instant - NZ,Contract 2,3485,3645,-4.39,2026-07-17
WMP,Regular - NZ,Contract 3,3390,3555,-4.64,2026-07-17
WMP,Instant - NZ,Contract 3,3485,3650,-4.52,2026-07-17
WMP,Regular - NZ,Contract 4,3390,3550,-4.51,2026-07-17
WMP,Instant - NZ,Contract 4,3485,3675,-5.17,2026-07-17
WMP,Regular - NZ,Contract 5,NA,NA,NA,2026-07-17
WMP,Instant - NZ,Contract 5,NA,NA,NA,2026-07-17
WMP,Regular - NZ,Contract 6,NA,NA,NA,2026-07-17
WMP,Instant - NZ,Contract 6,NA,NA,NA,2026-07-17
SMP,Medium Heat - NZ,Contract 1,NA,3935,NA,2026-07-17
SMP,Low Heat - NZ,Contract 1,NA,NA,NA,2026-07-17
SMP,Medium Heat - NZ,Contract 2,3100,3380,-8.28,2026-07-17
SMP,Low Heat - NZ,Contract 2,3115,3410,-8.65,2026-07-17
SMP,Medium Heat - NZ,Contract 3,3180,3435,-7.42,2026-07-17
SMP,Low Heat - NZ,Contract 3,3205,3470,-7.64,2026-07-17
SMP,Medium Heat - NZ,Contract 4,3090,3450,-10.43,2026-07-17
SMP,Low Heat - NZ,Contract 4,3115,NA,NA,2026-07-17
SMP,Medium Heat - NZ,Contract 5,NA,NA,NA,2026-07-17
SMP,Low Heat - NZ,Contract 5,NA,NA,NA,2026-07-17
SMP,Medium Heat - NZ,Contract 6,NA,NA,NA,2026-07-17
SMP,Low Heat - NZ,Contract 6,NA,NA,NA,2026-07-17
AMF,Premium 210 kg Drum - NZ,Contract 1,6710,6525,2.84,2026-07-17
AMF,Regular 210 kg Drum - NZ/AU,Contract 1,6765,6450,4.88,2026-07-17
AMF,Premium 210 kg Drum - NZ,Contract 2,6585,6495,1.39,2026-07-17
AMF,Regular 210 kg Drum - NZ/AU,Contract 2,6510,6420,1.4,2026-07-17
AMF,Premium 210 kg Drum - NZ,Contract 3,6175,7045,-12.35,2026-07-17
AMF,Regular 210 kg Drum - NZ/AU,Contract 3,6150,7105,-13.44,2026-07-17
AMF,Premium 210 kg Drum - NZ,Contract 4,6200,6350,-2.36,2026-07-17
AMF,Regular 210 kg Drum - NZ/AU,Contract 4,6125,6400,-4.3,2026-07-17
AMF,Premium 210 kg Drum - NZ,Contract 5,NA,NA,NA,2026-07-17
AMF,Regular 210 kg Drum - NZ/AU,Contract 5,NA,NA,NA,2026-07-17
AMF,Premium 210 kg Drum - NZ,Contract 6,NA,NA,NA,2026-07-17
AMF,Regular 210 kg Drum - NZ/AU,Contract 6,NA,NA,NA,2026-07-17
BTR,Unsalted 25 kg - NZ,Contract 1,5490,6020,-8.8,2026-07-17
BTR,Salted 25 kg - NZ,Contract 1,NA,NA,NA,2026-07-17
BTR,Unsalted 25 kg - NZ,Contract 2,5455,6035,-9.61,2026-07-17
BTR,Salted 25 kg - NZ,Contract 2,5455,6035,-9.61,2026-07-17
BTR,Unsalted 25 kg - NZ,Contract 3,5385,5635,-4.44,2026-07-17
BTR,Salted 25 kg - NZ,Contract 3,5385,5680,-5.19,2026-07-17
BTR,Unsalted 25 kg - NZ,Contract 4,5395,5590,-3.49,2026-07-17
BTR,Salted 25 kg - NZ,Contract 4,5395,5640,-4.34,2026-07-17
BTR,Unsalted 25 kg - NZ,Contract 5,NA,NA,NA,2026-07-17
BTR,Salted 25 kg - NZ,Contract 5,NA,NA,NA,2026-07-17
BTR,Unsalted 25 kg - NZ,Contract 6,NA,NA,NA,2026-07-17
BTR,Salted 25 kg - NZ,Contract 6,NA,NA,NA,2026-07-17
WMP,Regular - NZ,Contract 1,3425,3570,-4.06,2026-07-19
WMP,Instant - NZ,Contract 1,3550,3695,-3.92,2026-07-19
WMP,Regular - NZ,Contract 2,3390,3550,-4.51,2026-07-19
WMP,Instant - NZ,Contract 2,3485,3645,-4.39,2026-07-19
WMP,Regular - NZ,Contract 3,3390,3555,-4.64,2026-07-19
WMP,Instant - NZ,Contract 3,3485,3650,-4.52,2026-07-19
WMP,Regular - NZ,Contract 4,3390,3550,-4.51,2026-07-19
WMP,Instant - NZ,Contract 4,3485,3675,-5.17,2026-07-19
WMP,Regular - NZ,Contract 5,NA,NA,NA,2026-07-19
WMP,Instant - NZ,Contract 5,NA,NA,NA,2026-07-19
WMP,Regular - NZ,Contract 6,NA,NA,NA,2026-07-19
WMP,Instant - NZ,Contract 6,NA,NA,NA,2026-07-19
SMP,Medium Heat - NZ,Contract 1,NA,3935,NA,2026-07-19
SMP,Low Heat - NZ,Contract 1,NA,NA,NA,2026-07-19
SMP,Medium Heat - NZ,Contract 2,3100,3380,-8.28,2026-07-19
SMP,Low Heat - NZ,Contract 2,3115,3410,-8.65,2026-07-19
SMP,Medium Heat - NZ,Contract 3,3180,3435,-7.42,2026-07-19
SMP,Low Heat - NZ,Contract 3,3205,3470,-7.64,2026-07-19
SMP,Medium Heat - NZ,Contract 4,3090,3450,-10.43,2026-07-19
SMP,Low Heat - NZ,Contract 4,3115,NA,NA,2026-07-19
SMP,Medium Heat - NZ,Contract 5,NA,NA,NA,2026-07-19
SMP,Low Heat - NZ,Contract 5,NA,NA,NA,2026-07-19
SMP,Medium Heat - NZ,Contract 6,NA,NA,NA,2026-07-19
SMP,Low Heat - NZ,Contract 6,NA,NA,NA,2026-07-19
AMF,Premium 210 kg Drum - NZ,Contract 1,6710,6525,2.84,2026-07-19
AMF,Regular 210 kg Drum - NZ/AU,Contract 1,6765,6450,4.88,2026-07-19
AMF,Premium 210 kg Drum - NZ,Contract 2,6585,6495,1.39,2026-07-19
AMF,Regular 210 kg Drum - NZ/AU,Contract 2,6510,6420,1.4,2026-07-19
AMF,Premium 210 kg Drum - NZ,Contract 3,6175,7045,-12.35,2026-07-19
AMF,Regular 210 kg Drum - NZ/AU,Contract 3,6150,7105,-13.44,2026-07-19
AMF,Premium 210 kg Drum - NZ,Contract 4,6200,6350,-2.36,2026-07-19
AMF,Regular 210 kg Drum - NZ/AU,Contract 4,6125,6400,-4.3,2026-07-19
AMF,Premium 210 kg Drum - NZ,Contract 5,NA,NA,NA,2026-07-19
AMF,Regular 210 kg Drum - NZ/AU,Contract 5,NA,NA,NA,2026-07-19
AMF,Premium 210 kg Drum - NZ,Contract 6,NA,NA,NA,2026-07-19
AMF,Regular 210 kg Drum - NZ/AU,Contract 6,NA,NA,NA,2026-07-19
BTR,Unsalted 25 kg - NZ,Contract 1,5490,6020,-8.8,2026-07-19
BTR,Salted 25 kg - NZ,Contract 1,NA,NA,NA,2026-07-19
BTR,Unsalted 25 kg - NZ,Contract 2,5455,6035,-9.61,2026-07-19
BTR,Salted 25 kg - NZ,Contract 2,5455,6035,-9.61,2026-07-19
BTR,Unsalted 25 kg - NZ,Contract 3,5385,5635,-4.44,2026-07-19
BTR,Salted 25 kg - NZ,Contract 3,5385,5680,-5.19,2026-07-19
BTR,Unsalted 25 kg - NZ,Contract 4,5395,5590,-3.49,2026-07-19
BTR,Salted 25 kg - NZ,Contract 4,5395,5640,-4.34,2026-07-19
BTR,Unsalted 25 kg - NZ,Contract 5,NA,NA,NA,2026-07-19
BTR,Salted 25 kg - NZ,Contract 5,NA,NA,NA,2026-07-19
BTR,Unsalted 25 kg - NZ,Contract 6,NA,NA,NA,2026-07-19
BTR,Salted 25 kg - NZ,Contract 6,NA,NA,NA,2026-07-19
WMP,Regular - NZ,Contract 1,3425,3570,-4.06,2026-07-19
WMP,Instant - NZ,Contract 1,3550,3695,-3.92,2026-07-19
WMP,Regular - NZ,Contract 2,3390,3550,-4.51,2026-07-19
WMP,Instant - NZ,Contract 2,3485,3645,-4.39,2026-07-19
WMP,Regular - NZ,Contract 3,3390,3555,-4.64,2026-07-19
WMP,Instant - NZ,Contract 3,3485,3650,-4.52,2026-07-19
WMP,Regular - NZ,Contract 4,3390,3550,-4.51,2026-07-19
WMP,Instant - NZ,Contract 4,3485,3675,-5.17,2026-07-19
WMP,Regular - NZ,Contract 5,NA,NA,NA,2026-07-19
WMP,Instant - NZ,Contract 5,NA,NA,NA,2026-07-19
WMP,Regular - NZ,Contract 6,NA,NA,NA,2026-07-19
WMP,Instant - NZ,Contract 6,NA,NA,NA,2026-07-19
SMP,Medium Heat - NZ,Contract 1,NA,3935,NA,2026-07-19
SMP,Low Heat - NZ,Contract 1,NA,NA,NA,2026-07-19
SMP,Medium Heat - NZ,Contract 2,3100,3380,-8.28,2026-07-19
SMP,Low Heat - NZ,Contract 2,3115,3410,-8.65,2026-07-19
SMP,Medium Heat - NZ,Contract 3,3180,3435,-7.42,2026-07-19
SMP,Low Heat - NZ,Contract 3,3205,3470,-7.64,2026-07-19
SMP,Medium Heat - NZ,Contract 4,3090,3450,-10.43,2026-07-19
SMP,Low Heat - NZ,Contract 4,3115,NA,NA,2026-07-19
SMP,Medium Heat - NZ,Contract 5,NA,NA,NA,2026-07-19
SMP,Low Heat - NZ,Contract 5,NA,NA,NA,2026-07-19
SMP,Medium Heat - NZ,Contract 6,NA,NA,NA,2026-07-19
SMP,Low Heat - NZ,Contract 6,NA,NA,NA,2026-07-19
AMF,Premium 210 kg Drum - NZ,Contract 1,6710,6525,2.84,2026-07-19
AMF,Regular 210 kg Drum - NZ/AU,Contract 1,6765,6450,4.88,2026-07-19
AMF,Premium 210 kg Drum - NZ,Contract 2,6585,6495,1.39,2026-07-19
AMF,Regular 210 kg Drum - NZ/AU,Contract 2,6510,6420,1.4,2026-07-19
AMF,Premium 210 kg Drum - NZ,Contract 3,6175,7045,-12.35,2026-07-19
AMF,Regular 210 kg Drum - NZ/AU,Contract 3,6150,7105,-13.44,2026-07-19
AMF,Premium 210 kg Drum - NZ,Contract 4,6200,6350,-2.36,2026-07-19
AMF,Regular 210 kg Drum - NZ/AU,Contract 4,6125,6400,-4.3,2026-07-19
AMF,Premium 210 kg Drum - NZ,Contract 5,NA,NA,NA,2026-07-19
AMF,Regular 210 kg Drum - NZ/AU,Contract 5,NA,NA,NA,2026-07-19
AMF,Premium 210 kg Drum - NZ,Contract 6,NA,NA,NA,2026-07-19
AMF,Regular 210 kg Drum - NZ/AU,Contract 6,NA,NA,NA,2026-07-19
BTR,Unsalted 25 kg - NZ,Contract 1,5490,6020,-8.8,2026-07-19
BTR,Salted 25 kg - NZ,Contract 1,NA,NA,NA,2026-07-19
BTR,Unsalted 25 kg - NZ,Contract 2,5455,6035,-9.61,2026-07-19
BTR,Salted 25 kg - NZ,Contract 2,5455,6035,-9.61,2026-07-19
BTR,Unsalted 25 kg - NZ,Contract 3,5385,5635,-4.44,2026-07-19
BTR,Salted 25 kg - NZ,Contract 3,5385,5680,-5.19,2026-07-19
BTR,Unsalted 25 kg - NZ,Contract 4,5395,5590,-3.49,2026-07-19
BTR,Salted 25 kg - NZ,Contract 4,5395,5640,-4.34,2026-07-19
BTR,Unsalted 25 kg - NZ,Contract 5,NA,NA,NA,2026-07-19
BTR,Salted 25 kg - NZ,Contract 5,NA,NA,NA,2026-07-19
BTR,Unsalted 25 kg - NZ,Contract 6,NA,NA,NA,2026-07-19
BTR,Salted 25 kg - NZ,Contract 6,NA,NA,NA,2026-07-19
WMP,Regular - NZ,Contract 1,3465,3425,1.17,2026-08-01
WMP,Instant - NZ,Contract 1,3560,3550,0.28,2026-08-01
WMP,Regular - NZ,Contract 2,3445,3390,1.62,2026-08-01
WMP,Instant - NZ,Contract 2,3540,3485,1.58,2026-08-01
WMP,Regular - NZ,Contract 3,3435,3390,1.33,2026-08-01
WMP,Instant - NZ,Contract 3,3530,3485,1.29,2026-08-01
WMP,Regular - NZ,Contract 4,3460,3390,2.06,2026-08-01
WMP,Instant - NZ,Contract 4,3555,3485,2.01,2026-08-01
WMP,Regular - NZ,Contract 5,NA,NA,NA,2026-08-01
WMP,Instant - NZ,Contract 5,NA,NA,NA,2026-08-01
WMP,Regular - NZ,Contract 6,NA,NA,NA,2026-08-01
WMP,Instant - NZ,Contract 6,NA,NA,NA,2026-08-01
SMP,Medium Heat - NZ,Contract 1,3395,NA,NA,2026-08-01
SMP,Low Heat - NZ,Contract 1,3395,NA,NA,2026-08-01
SMP,Medium Heat - NZ,Contract 2,3190,3100,2.9,2026-08-01
SMP,Low Heat - NZ,Contract 2,3215,3115,3.21,2026-08-01
SMP,Medium Heat - NZ,Contract 3,3290,3180,3.46,2026-08-01
SMP,Low Heat - NZ,Contract 3,3290,3205,2.65,2026-08-01
SMP,Medium Heat - NZ,Contract 4,3275,3090,5.99,2026-08-01
SMP,Low Heat - NZ,Contract 4,3275,3115,5.14,2026-08-01
SMP,Medium Heat - NZ,Contract 5,NA,NA,NA,2026-08-01
SMP,Low Heat - NZ,Contract 5,NA,NA,NA,2026-08-01
SMP,Medium Heat - NZ,Contract 6,NA,NA,NA,2026-08-01
SMP,Low Heat - NZ,Contract 6,NA,NA,NA,2026-08-01
AMF,Premium 210 kg Drum - NZ,Contract 1,6695,6710,-0.22,2026-08-01
AMF,Regular 210 kg Drum - NZ/AU,Contract 1,NA,6765,NA,2026-08-01
AMF,Premium 210 kg Drum - NZ,Contract 2,6595,6585,0.15,2026-08-01
AMF,Regular 210 kg Drum - NZ/AU,Contract 2,6520,6510,0.15,2026-08-01
AMF,Premium 210 kg Drum - NZ,Contract 3,6280,6175,1.7,2026-08-01
AMF,Regular 210 kg Drum - NZ/AU,Contract 3,6205,6150,0.89,2026-08-01
AMF,Premium 210 kg Drum - NZ,Contract 4,6335,6200,2.18,2026-08-01
AMF,Regular 210 kg Drum - NZ/AU,Contract 4,6260,6125,2.2,2026-08-01
AMF,Premium 210 kg Drum - NZ,Contract 5,NA,NA,NA,2026-08-01
AMF,Regular 210 kg Drum - NZ/AU,Contract 5,NA,NA,NA,2026-08-01
AMF,Premium 210 kg Drum - NZ,Contract 6,NA,NA,NA,2026-08-01
AMF,Regular 210 kg Drum - NZ/AU,Contract 6,NA,NA,NA,2026-08-01
BTR,Unsalted 25 kg - NZ,Contract 1,5440,5490,-0.91,2026-08-01
BTR,Salted 25 kg - NZ,Contract 1,5475,NA,NA,2026-08-01
BTR,Unsalted 25 kg - NZ,Contract 2,5370,5455,-1.56,2026-08-01
BTR,Salted 25 kg - NZ,Contract 2,5405,5455,-0.92,2026-08-01
BTR,Unsalted 25 kg - NZ,Contract 3,5350,5385,-0.65,2026-08-01
BTR,Salted 25 kg - NZ,Contract 3,5395,5385,0.19,2026-08-01
BTR,Unsalted 25 kg - NZ,Contract 4,5360,5395,-0.65,2026-08-01
BTR,Salted 25 kg - NZ,Contract 4,5395,5395,NA,2026-08-01
BTR,Unsalted 25 kg - NZ,Contract 5,NA,NA,NA,2026-08-01
BTR,Salted 25 kg - NZ,Contract 5,NA,NA,NA,2026-08-01
BTR,Unsalted 25 kg - NZ,Contract 6,NA,NA,NA,2026-08-01
BTR,Salted 25 kg - NZ,Contract 6,NA,NA,NA,2026-08-01
